,spx index,ccmp index,xau curncy,npncre index,bcomtr index,luactruu index
,px_last,px_last,px_last,px_last,px_last,px_last
1970-01-30,85.02,,34.94,,3.1669,
1970-02-27,89.5,,34.99,,3.2455,
1970-03-31,89.63,,35.09,,3.2808,
1970-04-30,81.52,,35.62,,3.3716,
1970-05-29,76.55,,35.95,,3.3408,
1970-06-30,72.72,,35.44,,3.5648,
1970-07-31,78.05,,35.32,,3.5433,
1970-08-31,81.52,,35.38,,3.7458,
1970-09-30,84.21,,36.19,,3.7689,
1970-10-30,83.25,,37.52,,3.9136,
1970-11-30,87.2,,37.44,,3.8547,
1970-12-31,92.15,,37.44,,3.8598,
1971-01-29,95.88,,37.87,,4.0121,
1971-02-26,96.75,101.34,38.74,,3.9465,
1971-03-31,100.31,105.97,38.87,,3.9119,
1971-04-30,103.95,112.3,39.01,,3.883,
1971-05-31,99.63,108.25,40.52,,4.0143,
1971-06-30,99.7,107.8,40.1,,4.103,
1971-07-30,95.58,105.27,40.95,,4.1193,
1971-08-31,99.03,108.42,42.73,,4.0372,
1971-09-30,98.34,109.03,42.02,,3.9845,
1971-10-29,94.23,105.1,42.5,,4.1322,
1971-11-30,93.99,103.97,42.86,,4.1341,
1971-12-31,102.09,114.12,43.48,,4.4021,
1972-01-31,103.94,118.87,45.75,,4.4932,
1972-02-29,106.57,125.38,48.26,,4.5634,
1972-03-31,107.2,128.14,48.33,,4.6603,
1972-04-28,107.67,131.33,49.03,,4.679,
1972-05-31,109.53,132.53,54.62,,4.708,
1972-06-30,107.14,130.08,62.09,,4.6347,
1972-07-31,107.39,127.75,65.67,,4.6049,
1972-08-31,111.09,129.95,67.03,,5.0042,
1972-09-29,110.55,129.61,65.47,,5.2421,
1972-10-31,111.58,130.24,64.86,,5.2233,
1972-11-30,116.67,132.96,62.91,,5.4702,
1972-12-29,118.05,133.73,63.91,,5.9971,
1973-01-31,116.03,128.4,65.14,,6.3488,99.8
1973-02-28,111.68,120.41,74.2,,7.179,100.17
1973-03-30,111.52,117.46,84.37,,6.8861,100.18
1973-04-30,106.97,107.85,90.5,,7.9417,101.15
1973-05-31,104.95,102.64,101.96,,10.3168,100.76
1973-06-29,104.26,100.98,120.12,,10.317,99.67
1973-07-31,108.22,108.64,120.17,,13.3615,96.21
1973-08-31,104.25,104.87,106.76,,12.9536,99.76
1973-09-28,108.43,111.2,102.97,,12.9479,102.91
1973-10-31,108.29,110.17,100.08,,11.6798,101.78
1973-11-30,95.96,93.51,94.82,,12.6739,102.87
1973-12-31,97.55,92.19,106.72,,13.7016,101.51
1974-01-31,96.57,94.93,129.19,,15.0804,101.57
1974-02-28,96.22,94.35,150.23,,15.3083,101.82
1974-03-29,93.98,92.27,168.42,,14.7162,98.73
1974-04-30,90.31,86.86,172.24,,14.8887,95.79
1974-05-31,87.28,80.2,163.27,,14.1428,96.46
1974-06-28,86.0,75.96,154.1,,15.5177,92.09
1974-07-31,79.31,69.99,142.98,,20.182,91.3
1974-08-30,72.15,62.37,154.64,,18.6125,89.07
1974-09-30,63.54,55.67,151.77,,21.2248,90.1
1974-10-31,73.9,65.23,158.78,,21.6203,96.66
1974-11-29,69.97,62.95,181.66,,21.5464,96.35
1974-12-31,68.56,59.82,183.85,,19.764,95.56
1975-01-31,76.98,69.78,175.8,,17.5841,102.08
1975-02-28,81.59,73.0,181.75,,16.538,104.11
1975-03-31,83.36,75.66,178.16,,17.7403,100.78
1975-04-30,87.3,78.54,167.0,,16.8557,99.92
1975-05-30,91.15,83.1,167.0,,16.8528,102.53
1975-06-30,95.19,87.02,166.25,,17.1747,105.3
1975-07-31,88.75,83.19,166.7,,18.9863,105.07
1975-08-29,86.88,79.01,159.8,,19.317,104.55
1975-09-30,83.87,74.33,141.25,,19.1327,103.3
1975-10-31,89.04,76.99,142.9,,17.9679,108.21
1975-11-28,91.24,78.8,138.15,,17.8023,107.71
1975-12-31,90.19,77.62,140.25,,17.7783,111.52
1976-01-30,100.86,87.05,128.15,,17.4581,114.77
1976-02-27,99.71,90.26,132.3,,18.1138,115.86
1976-03-31,102.77,90.62,129.6,,17.792,117.56
1976-04-30,101.64,90.08,128.4,,18.5891,118.04
1976-05-31,100.18,88.04,125.5,,19.8251,116.95
1976-06-30,104.28,90.32,123.8,,20.8763,118.71
1976-07-30,103.44,91.29,112.5,,19.3403,120.31
1976-08-31,102.91,89.7,104.0,,19.6195,122.95
1976-09-30,105.24,91.26,116.0,,19.6137,125.01
1976-10-29,102.9,90.35,123.15,,20.4749,126.26
1976-11-30,102.1,91.12,130.25,,20.5583,129.47
1976-12-31,107.46,97.88,134.5,,21.5267,133.09
1977-01-31,102.03,95.54,132.3,,21.8465,130.13
1977-02-28,99.82,94.57,142.75,,22.8375,130.49
1977-03-31,98.42,94.13,148.9,,24.1031,131.52
1977-04-29,98.44,95.48,147.25,,24.7962,132.96
1977-05-31,96.12,95.59,142.95,,24.0425,134.21
1977-06-30,100.48,99.73,143.0,,22.5272,136.39
1977-07-29,98.85,100.65,144.1,,21.0124,136.74
1977-08-31,96.77,100.1,146.0,,20.3414,138.27
1977-09-30,96.53,100.85,154.05,,21.1858,138.1
1977-10-31,92.34,97.52,161.5,,21.9197,137.23
1977-11-30,94.83,103.15,160.05,,22.499,138.42
1977-12-30,95.1,105.05,164.95,100.0,23.1822,137.3
1978-01-31,89.25,100.84,175.75,,23.3526,136.82
1978-02-28,87.04,101.47,182.25,,23.7936,137.51
1978-03-31,89.21,106.2,181.6,102.9,26.1374,137.79
1978-04-28,96.83,115.18,170.85,,25.9139,137.81
1978-05-31,97.29,120.24,184.15,,27.7989,136.53
1978-06-30,95.53,120.3,183.05,106.06,26.2292,136.83
1978-07-31,100.68,126.32,200.25,,26.621,138.61
1978-08-31,103.29,135.01,208.7,,27.4972,141.66
1978-09-29,102.54,132.89,217.1,109.66,28.5537,141.17
1978-10-31,93.15,111.12,242.6,,30.4764,138.35
1978-11-30,94.7,114.69,193.4,,28.8627,139.82
1978-12-29,96.11,117.98,226.0,116.11,29.6316,137.79
1979-01-31,99.93,125.82,233.7,,30.4211,140.59
1979-02-28,96.28,122.56,251.3,,32.4109,139.16
1979-03-30,101.59,131.76,240.1,120.54,32.1704,140.75
1979-04-30,101.76,133.82,245.3,,33.1862,139.91
1979-05-31,99.08,131.42,274.6,,34.1703,143.17
1979-06-29,102.91,138.13,277.5,125.75,36.0757,146.51
1979-07-31,103.81,141.33,296.45,,35.1126,146.75
1979-08-31,109.32,150.44,315.1,,38.2054,146.7
1979-09-28,109.32,149.98,397.25,131.72,43.0462,143.68
1979-10-31,101.82,135.53,382.0,,41.8708,132.06
1979-11-30,106.16,144.26,415.65,,45.1492,135.42
1979-12-31,107.94,151.14,512.0,139.87,51.3509,134.88
1980-01-31,114.16,161.75,653.0,,58.5646,128.37
1980-02-29,113.66,158.03,637.0,,57.5543,119.46
1980-03-31,102.09,131.0,494.5,147.61,49.6692,118.49
1980-04-30,106.29,139.99,518.0,,49.8644,133.76
1980-05-30,111.24,150.45,535.5,,52.5412,141.49
1980-06-30,114.24,157.78,653.5,151.09,55.8006,145.01
1980-07-31,121.67,171.81,614.25,,57.9168,141.13
1980-08-29,122.38,181.52,631.25,,59.6123,135.38
1980-09-30,125.46,187.76,666.75,156.81,61.6053,132.82
1980-10-31,127.47,192.78,629.0,,63.8152,131.46
1980-11-28,140.52,208.15,619.75,,63.1997,130.83
1980-12-31,135.76,202.34,589.75,165.15,58.4935,134.49
1981-01-30,129.55,197.81,506.5,,53.2462,134.26
1981-02-27,131.27,198.01,489.0,,52.6722,131.11
1981-03-31,136.0,210.18,513.75,170.03,53.5269,134.15
1981-04-30,132.81,216.74,482.75,,52.3759,127.21
1981-05-29,132.59,223.47,479.25,,51.0054,132.75
1981-06-30,131.21,215.75,426.0,177.23,46.8536,132.61
1981-07-31,130.92,211.63,406.0,,48.9933,129.55
1981-08-31,122.79,195.75,425.5,,47.258,126.19
1981-09-30,116.18,180.03,428.75,182.93,47.5778,124.0
1981-10-30,121.89,195.24,427.0,,47.7771,131.3
1981-11-30,126.35,201.37,414.5,,45.6649,145.34
1981-12-31,122.55,195.84,397.5,192.61,44.2483,138.46
1982-01-29,120.4,188.39,387.0,,45.7948,138.65
1982-02-26,113.11,179.43,362.6,,44.2342,141.83
1982-03-31,111.96,175.65,320.0,197.41,43.5158,144.06
1982-04-30,116.44,184.7,361.25,,44.6496,149.19
1982-05-31,111.88,178.54,325.25,,43.1789,152.07
1982-06-30,109.61,171.3,317.5,201.5,42.2973,148.42
1982-07-30,107.09,167.35,342.9,,42.4217,155.17
1982-08-31,119.51,177.71,411.5,,43.1267,166.2
1982-09-30,120.42,187.65,397.0,204.56,42.176,174.66
1982-10-29,133.71,212.63,423.25,,43.3475,186.32
1982-11-30,138.54,232.31,436.0,,45.0064,189.28
1982-12-31,140.64,232.41,456.9,210.79,45.2547,192.74
1983-01-31,145.3,248.35,499.5,,49.2366,193.7
1983-02-28,148.06,260.67,408.5,,46.3162,200.42
1983-03-31,152.96,270.8,414.75,214.48,49.2102,203.0
1983-04-29,164.42,293.06,429.25,,50.0895,211.31
1983-05-31,162.39,308.73,437.5,,50.8417,207.06
1983-06-30,168.11,318.7,416.0,219.92,50.2707,207.1
1983-07-29,162.56,303.96,422.0,,53.636,200.49
1983-08-31,164.4,292.42,414.25,,58.0218,201.55
1983-09-30,166.07,296.65,405.0,226.42,56.4019,208.85
1983-10-31,163.55,274.55,382.0,,53.4022,208.76
1983-11-30,166.4,285.67,405.0,,54.4145,211.27
1983-12-30,164.93,278.6,382.4,238.45,55.1738,210.61
1984-01-31,163.41,268.43,373.75,,53.1631,216.5
1984-02-29,157.06,252.57,394.25,,55.0328,213.99
1984-03-30,159.18,250.78,388.5,246.44,56.9864,211.14
1984-04-30,160.05,247.44,375.8,,55.9027,209.31
1984-05-31,150.55,232.82,384.25,,57.9618,201.48
1984-06-29,153.18,239.65,373.05,254.21,56.155,204.2
1984-07-31,150.66,229.7,342.35,,51.1324,215.39
1984-08-31,166.68,254.64,348.25,,53.6114,220.22
1984-09-28,166.1,249.94,343.75,260.46,52.6381,226.81
1984-10-31,166.09,247.03,333.5,,52.7978,238.39
1984-11-30,163.58,242.53,329.0,,51.9879,242.5
1984-12-31,167.24,247.35,309.0,271.44,50.2089,245.62
1985-01-31,179.63,278.7,306.65,,51.091,252.75
1985-02-28,181.18,284.17,287.75,,49.585,246.33
1985-03-29,180.66,279.2,329.25,277.09,53.6455,251.11
1985-04-30,179.83,280.56,321.35,,52.3352,256.72
1985-05-31,189.55,290.8,314.0,,51.9478,273.05
1985-06-28,191.85,296.2,317.75,284.29,51.4467,275.21
1985-07-31,190.92,301.29,327.5,,51.509,274.08
1985-08-30,188.63,297.71,333.25,,51.9899,280.59
1985-09-30,182.08,280.33,326.5,291.07,53.0654,280.76
1985-10-31,189.82,292.54,325.1,,55.388,287.6
1985-11-29,202.17,313.95,325.3,,55.7099,295.02
1985-12-31,211.28,325.22,326.8,301.93,55.9935,304.72
1986-01-31,211.78,335.77,350.5,,52.9198,306.99
1986-02-28,226.92,359.53,338.15,,49.4661,321.67
1986-03-31,238.9,374.72,344.0,308.07,48.9144,329.5
1986-04-30,235.52,383.24,345.75,,51.2136,331.29
1986-05-30,247.35,400.16,343.2,,49.8905,327.65
1986-06-30,250.84,405.51,345.5,314.11,48.3189,333.8
1986-07-31,236.12,371.37,357.5,,48.4138,335.31
1986-08-29,252.93,382.86,384.7,,51.6328,342.19
1986-09-30,231.32,350.67,423.2,318.81,53.1363,341.21
1986-10-31,243.98,360.77,401.0,,53.3866,346.93
1986-11-28,249.22,359.57,383.5,,53.1531,351.93
1986-12-31,242.17,348.83,388.75,326.99,54.1616,355.1
1987-01-30,274.08,392.06,400.5,,55.7951,362.85
1987-02-27,284.2,424.97,405.85,,53.4646,365.04
1987-03-31,291.7,430.05,420.32,332.97,56.3854,363.58
1987-04-30,288.36,417.81,453.25,,60.3048,351.63
1987-05-29,290.1,416.54,451.0,,61.7661,350.03
1987-06-30,304.0,424.67,447.3,336.92,62.4067,355.12
1987-07-31,318.66,434.93,462.5,,63.2196,354.15
1987-08-31,329.8,454.97,453.4,,61.3109,352.16
1987-09-30,321.83,444.29,459.5,343.97,62.3789,342.23
1987-10-30,251.79,323.3,468.8,,63.0404,353.65
1987-11-30,230.3,305.16,492.5,,64.3904,357.42
1987-12-31,247.08,330.47,484.1,353.15,62.9327,364.18
1988-01-29,257.07,344.66,458.0,,63.6762,378.46
1988-02-29,267.82,366.95,426.15,,62.6957,383.65
1988-03-31,258.89,374.64,456.95,359.66,65.2636,380.35
1988-04-29,261.33,379.24,449.0,,67.021,377.66
1988-05-31,262.16,370.34,455.5,,70.0936,375.61
1988-06-30,273.5,394.66,436.55,366.84,72.9131,384.6
1988-07-29,272.02,387.33,436.8,,69.3543,383.73
1988-08-31,261.52,376.55,427.75,,69.404,385.35
1988-09-30,271.91,387.71,397.7,375.62,66.01,393.66
1988-10-31,278.97,382.46,412.4,,67.4211,400.54
1988-11-30,273.7,371.45,422.6,,69.1594,396.69
1988-12-30,277.72,381.38,410.25,387.15,73.4768,397.77
1989-01-31,297.47,401.3,394.0,,72.6577,403.65
1989-02-28,288.86,399.71,387.0,,74.6529,401.37
1989-03-31,294.87,406.73,383.2,393.93,77.6861,402.55
1989-04-28,309.64,427.55,377.55,,78.8127,410.73
1989-05-31,320.52,446.17,361.8,,77.066,421.93
1989-06-30,317.98,435.29,373.0,401.81,79.3111,434.43
1989-07-31,346.08,453.84,368.3,,76.8018,442.86
1989-08-31,351.45,469.33,359.8,,78.9892,438.06
1989-09-29,349.15,472.92,366.5,410.03,81.513,440.08
1989-10-31,340.36,455.63,375.3,,81.2987,450.21
1989-11-30,345.99,456.09,408.15,,83.1547,453.32
1989-12-29,353.4,454.82,401.25,417.21,86.1855,453.8
1990-01-31,329.08,415.81,415.05,,86.207,448.15
1990-02-28,331.89,425.83,407.7,,88.0007,449.45
1990-03-30,339.94,435.54,368.5,422.96,88.8599,449.86
1990-04-30,330.8,420.07,367.75,,89.2919,445.17
1990-05-31,361.23,458.97,363.05,,88.0649,459.57
1990-06-29,358.02,462.29,352.2,429.38,87.8524,467.42
1990-07-31,356.15,438.24,372.3,,91.4332,472.71
1990-08-31,322.56,381.21,387.75,,100.236,465.18
1990-09-28,306.05,344.51,408.4,432.98,114.073,467.31
1990-10-31,304.0,329.84,379.5,,108.1176,469.41
1990-11-30,322.22,359.06,384.85,,102.8867,479.06
1990-12-31,330.22,373.84,382.8,426.77,102.6597,485.81
1991-01-31,343.93,414.2,366.0,,94.888,491.96
1991-02-28,367.07,453.05,362.7,,96.842,500.38
1991-03-29,375.22,482.3,355.65,426.97,97.52,506.55
1991-04-30,375.35,484.72,357.75,,97.963,513.12
1991-05-31,389.83,506.11,360.4,,96.895,516.65
1991-06-28,371.16,475.92,368.35,427.02,94.502,516.57
1991-07-31,387.81,502.04,362.85,,98.556,524.0
1991-08-30,395.43,525.68,347.4,,98.714,535.86
1991-09-30,387.86,526.88,354.9,425.6,100.004,546.91
1991-10-31,392.46,542.98,357.45,,100.909,552.09
1991-11-29,375.22,523.9,366.3,,98.357,557.5
1991-12-31,417.09,586.34,353.15,402.9,94.245,575.72
1992-01-31,408.79,620.21,354.1,,96.122,568.53
1992-02-28,412.7,633.47,353.75,,96.133,573.98
1992-03-31,403.69,603.77,341.7,402.79,97.017,571.52
1992-04-30,414.95,578.68,336.35,,97.817,574.37
1992-05-29,415.35,585.31,337.5,,101.154,587.2
1992-06-30,408.14,563.6,343.4,398.63,101.567,596.39
1992-07-31,424.21,580.83,357.85,,101.213,612.31
1992-08-31,414.03,563.12,342.0,,100.134,617.06
1992-09-30,417.8,583.27,350.0,396.87,101.616,624.55
1992-10-30,418.68,605.17,341.0,,98.619,613.44
1992-11-30,431.35,652.73,336.0,,97.787,614.42
1992-12-31,435.71,676.95,334.5,385.72,97.736,625.76
1993-01-29,438.78,696.34,332.5,,97.553,640.34
1993-02-26,443.38,670.77,329.5,,98.758,655.04
1993-03-31,451.67,690.13,339.0,388.7,101.103,657.33
1993-04-30,440.19,661.42,356.0,,102.037,662.39
1993-05-31,450.19,700.53,374.75,,100.211,663.17
1993-06-30,450.53,703.95,378.1,387.77,99.888,679.27
1993-07-30,448.13,704.7,407.3,,101.609,684.19
1993-08-31,463.56,742.84,372.1,,99.871,701.2
1993-09-30,458.93,762.78,355.4,392.05,97.54,702.87
1993-10-29,467.83,779.26,369.5,,96.335,706.41
1993-11-30,461.79,754.4,370.7,,95.306,697.74
1993-12-31,466.45,776.8,390.7,391.06,96.694,701.84
1994-01-31,481.61,800.47,381.9,,100.274,715.46
1994-02-28,467.14,792.5,381.75,,99.498,698.57
1994-03-31,445.77,743.46,391.0,396.17,99.717,677.13
1994-04-29,450.91,733.84,377.05,,101.825,670.61
1994-05-31,456.5,735.19,387.3,,107.287,668.14
1994-06-30,444.27,705.96,386.3,402.26,110.326,666.5
1994-07-29,458.26,722.16,383.6,,111.826,683.33
1994-08-31,475.49,765.62,386.6,,108.861,684.1
1994-09-30,462.69,764.29,394.25,408.32,109.025,671.35
1994-10-31,472.35,777.49,384.5,,109.902,669.81
1994-11-30,453.69,750.32,381.4,,109.66,668.71
1994-12-30,459.27,751.96,383.2,416.01,112.755,674.24
1995-01-31,470.42,755.2,375.1,,112.109,688.54
1995-02-28,487.39,793.74,377.1,,111.963,708.39
1995-03-31,500.71,817.21,391.4,424.78,114.736,714.17
1995-04-28,514.71,843.98,387.1,,117.028,726.22
1995-05-31,533.4,864.58,384.3,,116.228,760.45
1995-06-30,544.75,933.45,384.6,433.62,115.079,767.3
1995-07-31,562.06,1001.21,382.6,,117.314,763.91
1995-08-31,561.88,1020.11,382.75,,119.317,776.22
1995-09-29,584.41,1043.54,384.0,442.54,120.453,785.42
1995-10-31,581.5,1036.06,383.0,,121.481,795.64
1995-11-30,605.37,1059.22,387.8,,123.379,810.87
1995-12-29,615.93,1052.14,387.1,447.35,129.908,824.23
1996-01-31,636.02,1059.79,406.3,,130.842,829.55
1996-02-29,640.43,1100.05,400.75,,133.634,809.84
1996-03-29,645.5,1101.38,395.45,458.09,139.991,802.94
1996-04-30,654.17,1190.52,391.65,,146.847,796.28
1996-05-31,669.12,1243.44,391.0,,146.185,794.89
1996-06-28,670.63,1185.02,380.45,468.57,145.942,806.55
1996-07-31,639.95,1080.6,387.05,,143.871,808.11
1996-08-30,651.99,1141.5,386.5,,150.853,805.62
1996-09-30,687.31,1226.91,378.4,480.89,151.621,822.7
1996-10-31,705.27,1221.51,378.05,,149.508,845.16
1996-11-29,757.02,1292.61,371.65,,157.848,863.22
1996-12-31,740.74,1291.03,367.7,493.43,160.001,851.3
1997-01-31,786.16,1379.85,344.35,,161.025,852.5
1997-02-28,790.82,1309.0,363.45,,162.713,856.07
1997-03-31,757.12,1221.7,351.25,504.96,166.108,842.74
1997-04-30,801.34,1260.76,339.5,,167.415,855.52
1997-05-30,848.28,1400.32,344.65,,169.885,865.2
1997-06-30,885.14,1442.07,333.95,519.21,160.121,877.45
1997-07-31,954.29,1593.81,324.55,,165.319,909.56
1997-08-29,899.47,1587.32,324.15,,165.153,896.13
1997-09-30,947.28,1685.69,334.45,536.78,167.002,911.81
1997-10-31,914.62,1593.61,311.45,,167.664,923.37
1997-11-28,955.4,1600.55,297.0,,161.008,928.58
1997-12-31,970.43,1570.35,289.05,562.04,154.579,938.42
1998-01-30,980.28,1619.36,302.45,,155.15,949.55
1998-02-27,1049.34,1770.51,299.15,,148.477,949.24
1998-03-31,1101.75,1835.68,300.95,585.31,148.907,952.75
1998-04-30,1111.75,1868.41,306.65,,146.959,958.77
1998-05-29,1090.82,1778.87,292.95,,139.721,970.15
1998-06-30,1133.84,1894.74,296.95,609.84,136.722,977.32
1998-07-31,1120.67,1872.39,286.45,,128.487,976.4
1998-08-31,957.28,1499.25,275.55,,120.346,980.97
1998-09-30,1017.01,1693.84,296.95,630.95,129.683,1012.75
1998-10-30,1098.67,1771.39,292.55,,125.826,997.13
1998-11-30,1163.63,1949.54,293.2,,116.76,1015.92
1998-12-31,1229.23,2192.69,288.25,653.37,112.796,1018.87
1999-01-29,1279.64,2505.89,286.15,,112.304,1028.94
1999-02-26,1238.33,2288.03,287.05,,108.391,1004.52
1999-03-31,1286.37,2461.4,280.05,670.31,118.779,1011.63
1999-04-30,1335.18,2542.85,286.55,,123.581,1014.59
1999-05-31,1301.84,2470.52,270.35,,115.987,1001.02
1999-06-30,1372.71,2686.12,262.5,687.88,122.469,995.8
1999-07-30,1328.72,2638.49,255.95,,124.623,990.29
1999-08-31,1320.41,2739.35,255.68,,131.852,987.88
1999-09-30,1282.71,2746.16,298.75,707.2,138.712,998.61
1999-10-29,1362.93,2966.43,299.2,,133.214,1003.2
1999-11-30,1388.91,3336.16,290.7,,136.338,1004.27
1999-12-31,1469.25,4069.31,288.0,727.62,140.257,998.95
2000-01-31,1394.46,3940.35,283.5,,147.861,995.43
2000-02-29,1366.42,4696.69,292.2,,150.446,1004.66
2000-03-31,1498.58,4572.83,279.08,745.09,151.904,1013.22
2000-04-28,1452.43,3860.66,273.55,,150.039,1004.33
2000-05-31,1420.6,3400.91,272.1,,160.137,1000.58
2000-06-30,1454.6,3966.11,289.53,767.85,163.916,1025.71
2000-07-31,1430.83,3766.99,277.25,,155.704,1038.15
2000-08-31,1517.68,4206.35,277.85,,171.018,1051.14
2000-09-29,1436.51,3672.82,274.25,790.43,169.956,1056.9
2000-10-31,1429.4,3369.63,265.15,,165.847,1057.16
2000-11-30,1314.95,2597.93,270.45,,179.184,1069.71
2000-12-29,1320.28,2470.52,272.25,816.76,184.917,1089.65
2001-01-31,1366.01,2772.73,265.85,,180.573,1120.84
2001-02-28,1239.94,2151.83,267.15,,179.812,1130.31
2001-03-30,1160.33,1840.26,257.95,836.04,172.151,1137.24
2001-04-30,1249.46,2116.24,264.05,,178.208,1133.53
2001-05-31,1255.82,2110.49,265.85,,174.471,1143.59
2001-06-29,1224.42,2161.24,270.85,856.72,167.513,1149.31
2001-07-31,1211.23,2027.13,266.65,,169.694,1180.46
2001-08-31,1133.58,1805.43,274.4,,169.62,1195.79
2001-09-28,1040.94,1498.8,293.25,870.39,158.178,1191.78
2001-10-31,1059.78,1690.2,279.65,,150.67,1221.11
2001-11-30,1139.45,1930.58,274.4,,151.834,1210.79
2001-12-31,1148.08,1950.4,278.95,876.22,148.843,1202.03
2002-01-31,1130.21,1934.03,282.55,,147.842,1212.23
2002-02-28,1106.73,1731.49,296.55,,151.673,1220.23
2002-03-29,1147.39,1845.35,302.65,889.47,167.182,1197.56
2002-04-30,1076.92,1688.23,308.45,,167.183,1212.66
2002-05-31,1067.14,1615.73,326.55,,164.612,1229.72
2002-06-28,989.81,1463.21,314.45,903.8,167.805,1229.84
2002-07-31,911.62,1328.26,303.55,,166.896,1225.37
2002-08-30,916.07,1314.85,312.75,,173.472,1257.87
2002-09-30,815.28,1172.06,323.55,919.97,180.005,1281.86
2002-10-31,885.76,1329.75,317.75,,178.148,1264.65
2002-11-29,936.31,1478.78,318.15,,178.653,1284.43
2002-12-31,879.82,1335.51,348.05,935.34,187.401,1323.64
2003-01-31,855.7,1320.91,368.15,,201.826,1329.21
2003-02-28,841.15,1337.52,349.95,,208.617,1356.52
2003-03-31,848.18,1341.17,337.45,952.96,192.877,1357.1
2003-04-30,916.92,1464.31,338.55,,191.676,1384.19
2003-05-30,963.59,1595.91,364.45,,202.881,1429.05
2003-06-30,974.5,1622.8,346.4,972.85,197.865,1425.79
2003-07-31,990.31,1735.02,354.35,,199.055,1363.85
2003-08-29,1008.01,1810.45,375.55,,206.916,1375.19
2003-09-30,995.97,1786.94,385.35,992.06,207.089,1424.43
2003-10-31,1050.71,1932.21,384.25,,216.979,1409.45
2003-11-28,1058.2,1960.26,398.15,,216.296,1416.61
2003-12-31,1111.92,2003.37,415.45,1019.49,232.249,1432.74
2004-01-30,1131.13,2066.15,402.45,,236.46,1447.76
2004-02-27,1144.94,2029.82,396.15,,251.802,1465.79
2004-03-31,1126.21,1994.22,426.45,1045.63,259.577,1479.63
2004-04-30,1107.31,1920.15,386.75,,254.973,1433.11
2004-05-31,1120.68,1986.74,395.55,,259.296,1422.74
2004-06-30,1140.84,2047.79,394.25,1078.32,248.545,1429.02
2004-07-30,1101.72,1887.36,391.05,,252.936,1446.8
2004-08-31,1104.24,1838.1,409.85,,248.326,1481.2
2004-09-30,1114.58,1896.84,418.25,1115.23,265.328,1490.32
2004-10-29,1130.2,1974.99,428.55,,269.818,1504.87
2004-11-30,1173.82,2096.81,450.95,,266.586,1489.56
2004-12-31,1211.92,2175.44,438.45,1167.18,253.495,1509.94
2005-01-31,1181.27,2062.41,422.6,,256.14,1521.97
2005-02-28,1203.6,2051.72,435.65,,274.235,1512.9
2005-03-31,1180.59,1999.23,428.35,1208.17,284.012,1492.85
2005-04-29,1156.85,1921.65,434.4,,267.441,1512.21
2005-05-31,1191.5,2068.22,417.25,,265.365,1533.0
2005-06-30,1191.33,2056.96,435.5,1272.64,269.832,1545.57
2005-07-29,1234.18,2184.83,429.8,,281.929,1530.31
2005-08-31,1220.33,2152.09,435.2,,303.209,1553.74
2005-09-30,1228.81,2151.69,469.3,1329.17,317.316,1528.65
2005-10-31,1207.01,2120.3,465.19,,297.376,1511.0
2005-11-30,1249.48,2232.82,493.08,,298.144,1519.88
2005-12-30,1248.29,2205.32,517.0,1401.33,307.65,1535.25
2006-01-31,1280.09,2305.82,568.9,,313.34,1532.02
2006-02-28,1280.66,2281.39,561.55,,293.724,1538.94
2006-03-31,1294.83,2339.79,583.65,1452.05,300.257,1517.25
2006-04-28,1310.61,2322.57,654.43,,320.614,1511.94
2006-05-31,1270.09,2178.88,645.2,,323.681,1509.39
2006-06-30,1270.2,2172.09,615.85,1510.32,318.652,1511.29
2006-07-31,1276.66,2091.47,636.75,,328.881,1533.37
2006-08-31,1303.82,2183.75,627.3,,317.029,1561.94
2006-09-29,1335.85,2258.43,598.3,1563.35,297.94,1579.83
2006-10-31,1377.94,2366.71,606.6,,312.073,1592.61
2006-11-30,1400.63,2431.77,648.0,,329.14,1615.96
2006-12-29,1418.3,2415.29,636.7,1633.91,314.023,1601.26
2007-01-31,1438.24,2463.93,653.2,,314.684,1601.38
2007-02-28,1406.82,2416.15,669.35,,325.281,1634.36
2007-03-30,1420.86,2421.64,663.8,1693.13,328.452,1624.99
2007-04-30,1482.37,2525.09,678.45,,332.246,1636.91
2007-05-31,1530.62,2604.52,660.5,,332.676,1620.55
2007-06-29,1503.35,2603.23,649.65,1770.9,328.029,1612.62
2007-07-31,1455.28,2545.57,664.3,,334.836,1616.35
2007-08-31,1473.99,2596.36,673.3,,322.678,1629.43
2007-09-28,1526.75,2701.5,743.6,1834.02,348.507,1641.98
2007-10-31,1549.38,2859.12,796.8,,360.125,1661.7
2007-11-30,1481.14,2660.96,783.55,,348.831,1671.65
2007-12-31,1468.36,2652.28,833.7,1892.85,364.99,1674.29
2008-01-31,1378.55,2389.86,926.1,,380.406,1691.33
2008-02-29,1330.63,2271.48,973.9,,427.135,1693.21
2008-03-31,1322.7,2279.1,916.9,1923.11,400.046,1671.7
2008-04-30,1385.59,2412.8,877.55,,414.302,1686.99
2008-05-30,1400.38,2522.66,886.5,,425.629,1670.89
2008-06-30,1280.0,2292.98,925.4,1933.94,464.357,1660.2
2008-07-31,1267.38,2325.55,914.1,,409.311,1647.79
2008-08-29,1282.83,2367.52,831.15,,379.496,1659.64
2008-09-30,1166.36,2091.88,870.95,1930.61,335.748,1530.7
2008-10-31,968.75,1720.95,723.85,,264.29,1432.06
2008-11-28,896.24,1535.57,818.05,,245.9,1490.33
2008-12-31,903.25,1577.03,882.05,1770.64,234.874,1591.62
2009-01-30,825.88,1476.42,927.85,,222.249,1598.84
2009-02-27,735.09,1377.84,942.32,,212.396,1567.39
2009-03-31,797.87,1528.59,919.35,1640.93,220.049,1560.91
2009-04-30,872.81,1717.3,888.2,,221.662,1615.1
2009-05-29,919.14,1774.33,979.18,,250.488,1678.15
2009-06-30,919.32,1835.04,926.5,1555.66,245.722,1723.99
2009-07-31,987.48,1978.5,954.0,,253.663,1798.42
2009-08-31,1020.63,2009.06,951.19,,252.185,1831.4
2009-09-30,1057.08,2122.42,1007.7,1504.06,256.153,1863.91
2009-10-30,1036.2,2045.11,1045.45,,264.5539,1877.01
2009-11-30,1095.63,2144.6,1179.63,,273.8594,1903.86
2009-12-31,1115.1,2269.15,1096.98,1472.34,279.2789,1889.0
2010-01-29,1073.87,2147.35,1081.2,,258.9532,1919.82
2010-02-26,1104.49,2238.26,1117.59,,268.5674,1926.64
2010-03-31,1169.43,2397.96,1113.25,1483.53,265.2308,1932.4
2010-04-30,1186.69,2461.19,1179.03,,270.3876,1967.57
2010-05-31,1089.41,2257.04,1216.3,,251.6688,1956.73
2010-06-30,1030.71,2109.24,1242.38,1532.66,252.4697,1998.43
2010-07-30,1101.6,2254.7,1181.0,,269.5726,2037.58
2010-08-31,1049.33,2114.03,1247.4,,262.7116,2077.99
2010-09-30,1141.2,2368.62,1308.54,1591.84,281.7853,2092.52
2010-10-29,1183.26,2507.41,1359.4,,295.826,2094.99
2010-11-30,1180.55,2498.23,1386.23,,294.7787,2077.99
2010-12-31,1257.64,2652.87,1421.4,1665.42,326.2875,2058.93
2011-01-31,1286.12,2700.08,1332.68,,329.5602,2063.03
2011-02-28,1327.22,2782.27,1411.33,,333.9035,2079.38
2011-03-31,1325.83,2781.07,1432.2,1721.4,340.7971,2076.6
2011-04-29,1363.61,2873.54,1563.7,,352.5991,2112.31
2011-05-31,1345.2,2835.3,1535.73,,334.7639,2142.82
2011-06-30,1320.64,2773.52,1500.18,1789.1,317.8776,2124.04
2011-07-29,1292.28,2756.38,1627.05,,327.2924,2177.6
2011-08-31,1218.89,2579.46,1825.55,,330.5607,2179.02
2011-09-30,1131.42,2415.4,1623.79,1848.1,281.8526,2184.58
2011-10-31,1253.3,2684.41,1714.7,,300.5066,2223.63
2011-11-30,1246.96,2620.34,1746.35,,293.8383,2180.05
2011-12-30,1257.61,2605.15,1564.91,1902.9,282.8255,2226.65
2012-01-31,1312.41,2813.84,1737.76,,289.8194,2275.95
2012-02-29,1365.68,2966.89,1696.76,,297.6407,2295.11
2012-03-30,1408.47,3091.57,1668.15,1952.1,285.3287,2272.94
2012-04-30,1397.91,3046.36,1664.75,,284.1211,2304.67
2012-05-31,1310.33,2827.34,1560.51,,258.1752,2322.07
2012-06-29,1362.16,2935.05,1597.45,2004.5,272.3567,2330.3
2012-07-31,1379.32,2939.52,1614.58,,289.9744,2397.35
2012-08-31,1406.58,3066.97,1691.85,,293.7393,2402.68
2012-09-28,1440.67,3116.23,1772.25,2051.4,298.7492,2419.55
2012-10-31,1412.16,2977.23,1720.65,,287.179,2450.71
2012-11-30,1416.18,3010.24,1714.98,,287.3272,2446.81
2012-12-31,1426.19,3019.51,1675.35,2103.5,279.8362,2445.25
2013-01-31,1498.11,3142.13,1663.7,,286.5446,2423.5
2013-02-28,1514.68,3160.19,1579.61,,274.8341,2442.16
2013-03-29,1569.19,3267.52,1597.5,2157.5,276.686,2442.63
2013-04-30,1597.57,3328.79,1476.71,,268.9637,2487.23
2013-05-31,1630.74,3455.91,1387.8,,262.9314,2428.94
2013-06-28,1606.28,3403.25,1234.53,2219.5,250.5353,2361.89
2013-07-31,1685.73,3626.37,1325.07,,253.9487,2381.57
2013-08-30,1632.97,3589.87,1395.27,,262.5888,2364.84
2013-09-30,1681.55,3771.48,1329.03,2277.0,255.8818,2381.27
2013-10-31,1756.54,3919.71,1323.06,,252.1034,2416.48
2013-11-29,1805.81,4059.89,1253.35,,250.0857,2411.69
2013-12-31,1848.36,4176.59,1201.64,2334.6,253.1865,2407.75
2014-01-31,1782.59,4103.88,1244.55,,253.9401,2451.39
2014-02-28,1859.45,4308.12,1326.39,,269.7739,2476.88
2014-03-31,1872.34,4198.99,1284.01,2398.6,270.8832,2478.53
2014-04-30,1883.95,4114.56,1291.6,,277.4815,2508.22
2014-05-30,1923.57,4242.62,1249.68,,269.5049,2542.51
2014-06-30,1960.23,4408.18,1327.33,2468.4,271.1121,2544.49
2014-07-31,1930.67,4369.77,1282.59,,257.6011,2543.07
2014-08-29,2003.37,4580.27,1287.32,,254.9088,2579.75
2014-09-30,1972.29,4493.39,1208.15,2533.4,239.0387,2542.53
2014-10-31,2018.05,4630.74,1172.94,,237.1171,2568.56
2014-11-28,2067.56,4791.63,1167.38,,227.4715,2585.87
2014-12-31,2058.9,4736.05,1184.37,2610.5,210.1242,2587.44
2015-01-30,1994.99,4635.24,1283.79,,203.1056,2665.94
2015-02-27,2104.5,4963.53,1213.18,,208.3382,2638.92
2015-03-31,2067.89,4900.89,1183.57,2703.7,197.6373,2647.34
2015-04-30,2085.51,4941.42,1184.37,,208.9695,2628.8
2015-05-29,2107.39,5070.03,1190.58,,203.3312,2611.64
2015-06-30,2063.11,4986.87,1172.35,2788.7,206.8436,2563.65
2015-07-31,2103.84,5128.28,1095.8,,184.8788,2580.95
2015-08-31,1972.18,4776.51,1134.93,,183.1802,2565.67
2015-09-30,1920.03,4620.17,1115.09,2874.7,176.9206,2584.8
2015-10-30,2079.36,5053.75,1142.11,,176.1312,2595.6
2015-11-30,2080.41,5108.67,1064.77,,163.3542,2589.92
2015-12-31,2043.94,5007.41,1061.1,2958.5,158.3135,2569.73
2016-01-29,1940.24,4613.95,1118.21,,155.6528,2578.84
2016-02-29,1932.23,4557.95,1238.67,,153.121,2599.67
2016-03-31,2059.74,4869.85,1232.75,3023.9,158.9728,2671.78
2016-04-29,2065.3,4775.36,1293.53,,172.5048,2708.36
2016-05-31,2096.96,4948.06,1215.32,,172.1789,2706.27
2016-06-30,2098.86,4842.67,1321.9,3085.4,179.2913,2767.19
2016-07-29,2173.6,5162.13,1351.28,,170.1268,2807.62
2016-08-31,2170.95,5213.22,1308.97,,167.129,2813.12
2016-09-30,2168.27,5312.0,1315.87,3139.9,172.3635,2806.15
2016-10-31,2126.15,5189.14,1277.21,,171.5215,2783.32
2016-11-30,2198.81,5323.68,1173.2,,173.8088,2708.65
2016-12-30,2238.83,5383.12,1147.5,3194.3,176.9417,2726.78
2017-01-31,2278.87,5614.79,1210.72,,177.1814,2735.18
2017-02-28,2363.64,5825.44,1248.44,,177.5513,2766.55
2017-03-31,2362.72,5911.74,1249.2,3243.7,172.8258,2760.12
2017-04-28,2384.2,6047.61,1268.28,,170.2237,2789.61
2017-05-31,2411.8,6198.52,1268.92,,167.9627,2821.69
2017-06-30,2423.41,6140.42,1241.61,3300.3,167.6399,2830.31
2017-07-31,2470.3,6348.12,1269.44,,171.4304,2851.01
2017-08-31,2471.65,6428.66,1321.43,,172.1214,2873.15
2017-09-29,2519.36,6495.96,1279.75,3356.3,171.8648,2868.16
2017-10-31,2575.26,6727.67,1271.45,,175.5502,2879.74
2017-11-30,2647.58,6873.97,1275.01,,174.7404,2875.55
2017-12-29,2673.61,6903.39,1302.8,3416.5,179.9572,2901.78
2018-01-31,2823.81,7411.48,1345.14,,183.531,2874.04
2018-02-28,2713.83,7273.01,1318.31,,180.3569,2827.38
2018-03-30,2640.87,7063.45,1325.48,3474.6,179.236,2834.54
2018-04-30,2648.05,7066.27,1315.39,,183.8683,2808.25
2018-05-31,2705.27,7442.12,1298.51,,186.4731,2823.29
2018-06-29,2718.37,7510.3,1252.6,3537.5,179.9539,2806.89
2018-07-31,2816.29,7671.79,1224.15,,176.1132,2830.22
2018-08-31,2901.52,8109.54,1201.15,,172.9951,2844.2
2018-09-28,2913.98,8046.35,1190.88,3596.7,176.3125,2834.06
2018-10-31,2711.74,7305.9,1214.76,,172.5063,2792.67
2018-11-30,2760.17,7330.54,1220.52,,171.5349,2788.02
2018-12-31,2506.85,6635.28,1282.49,3646.1,159.7202,2829.02
2019-01-31,2704.1,7281.74,1321.25,,168.4193,2895.56
2019-02-28,2784.49,7532.53,1313.32,,170.1244,2901.84
2019-03-29,2834.4,7729.32,1292.38,3711.9,169.8207,2974.53
2019-04-30,2945.83,8095.39,1283.53,,169.1048,2990.68
2019-05-31,2752.06,7453.15,1305.58,,163.4152,3033.54
2019-06-28,2941.76,8006.24,1409.55,3767.8,167.8037,3107.73
2019-07-31,2980.38,8175.42,1413.78,,166.6751,3125.11
2019-08-30,2926.46,7962.88,1520.38,,162.809,3223.39
2019-09-30,2976.74,7999.34,1472.49,3821.0,164.7214,3202.42
2019-10-31,3037.56,8292.36,1512.99,,168.052,3221.86
2019-11-29,3140.98,8665.47,1463.98,,163.749,3229.97
2019-12-31,3230.78,8972.6,1517.27,3880.2,172.0042,3240.3
2020-01-31,3225.52,9150.94,1589.16,,159.3501,3316.29
2020-02-28,2954.22,8567.37,1585.69,,151.3185,3360.66
2020-03-31,2584.59,7700.1,1577.18,3907.9,131.9359,3122.54
2020-04-30,2912.43,8889.55,1686.5,,129.9062,3286.26
2020-05-29,3044.31,9489.87,1730.27,,135.5447,3337.67
2020-06-30,3100.29,10058.77,1780.96,3869.0,138.6382,3403.1
2020-07-31,3271.12,10745.27,1975.86,,146.551,3513.73
2020-08-31,3500.31,11775.46,1967.8,,156.4625,3465.28
2020-09-30,3363.0,11167.51,1885.82,3897.6,151.2189,3455.36
2020-10-30,3269.96,10911.59,1878.81,,153.349,3449.14
2020-11-30,3621.63,12198.74,1776.95,,158.7354,3545.23
2020-12-31,3756.07,12888.28,1898.36,3942.3,166.631,3560.67
2021-01-29,3714.24,13070.69,1847.65,,171.0062,3514.98
2021-02-26,3811.15,13192.35,1734.04,,182.0712,3454.43
2021-03-31,3972.89,13246.87,1707.71,4010.0,178.1622,3395.15
2021-04-30,4181.17,13962.68,1769.13,,192.933,3432.76
2021-05-31,4204.11,13748.74,1906.87,,198.197,3459.13
2021-06-30,4297.5,14503.95,1770.11,4154.0,201.8662,3515.56
2021-07-30,4395.26,14672.68,1814.19,,205.5776,3563.68
2021-08-31,4522.68,15259.24,1813.62,,204.9696,3552.9
2021-09-30,4307.54,14448.58,1756.95,4371.2,215.1673,3515.5
2021-10-29,4605.38,15498.39,1783.38,,220.7274,3524.22
2021-11-30,4567.0,15537.69,1774.52,,204.591,3526.39
2021-12-31,4766.18,15644.97,1829.2,4640.0,211.8033,3523.57
2022-01-31,4515.55,14239.88,1797.17,,230.397,3404.96
2022-02-28,4373.94,13751.4,1908.99,,244.7501,3336.85
2022-03-31,4530.41,14220.52,1937.44,4887.1,265.9137,3252.71
2022-04-29,4131.93,12334.64,1896.93,,276.9244,3074.85
2022-05-31,4132.15,12081.39,1837.35,,281.1473,3103.56
2022-06-30,3785.38,11028.74,1807.27,5045.2,250.8549,3016.66
2022-07-29,4130.29,12390.69,1765.94,,261.5476,3114.32
2022-08-31,3955.0,11816.2,1711.04,,261.778,3022.99
2022-09-30,3585.62,10575.62,1660.61,5073.9,240.5519,2864.12
2022-10-31,3871.98,10988.15,1633.56,,245.3416,2834.5
2022-11-30,4080.11,11468.0,1768.52,,252.0594,2981.28
2022-12-30,3839.5,10466.48,1824.02,4896.3,245.8892,2968.2
2023-01-31,4076.6,11584.55,1928.36,,244.6844,3087.13
2023-02-28,3970.15,11455.54,1826.92,,233.1867,2988.93
2023-03-31,4109.31,12221.91,1969.28,4807.5,232.7065,3072.15
2023-04-28,4169.48,12226.58,1990.0,,230.9578,3095.67
2023-05-31,4179.83,12935.29,1962.73,,217.9403,3050.83
